full_name,email,state,login_time,logout_time,session_duration,session_duration_hours,session_duration_minutes
Richard Rangel,Richard_Rangel@example.com,Alabama,2023-12-04 05:35:17,2023-12-04 06:25:38.945760,0 days 00:50:21.945760,0.8,50.36576266666667
John Chavez,John_Chavez@example.com,Alabama,2024-02-10 00:08:44,2024-02-10 03:57:13.438598,0 days 03:48:29.438598,3.8,228.49064330000002
Adam Robinson,Adam_Robinson@example.com,Alabama,2023-10-30 18:11:47,2023-10-30 20:23:46.337482,0 days 02:11:59.337482,2.2,131.98895803333332
Victoria Macias,Victoria_Macias@example.com,Alabama,2024-01-19 20:20:13,2024-01-19 21:54:10.331676,0 days 01:33:57.331676,1.6,93.95552793333333
Anne Williams,Anne_Williams@example.com,Alabama,2023-06-21 23:46:26,2023-06-22 02:26:34.350644,0 days 02:40:08.350644,2.7,160.1391774
Whitney Hampton,Whitney_Hampton@example.com,Alabama,2023-05-27 10:05:55,2023-05-27 12:43:21.370746,0 days 02:37:26.370746,2.6,157.43951243333333
Stephen Nelson,Stephen_Nelson@example.com,Alabama,2024-11-10 22:41:05,2024-11-11 01:40:36.623412,0 days 02:59:31.623412,3.0,179.52705686666667
Mark Blair,Mark_Blair@example.com,Alabama,2023-08-04 04:15:43,2023-08-04 05:22:55.750725,0 days 01:07:12.750725,1.1,67.21251208333334
Jeffery Walton,Jeffery_Walton@example.com,Alabama,2023-06-14 22:24:51,2023-06-14 22:59:33.031787,0 days 00:34:42.031787,0.6,34.70052978333333
Edgar Turner,Edgar_Turner@example.com,Alabama,2023-07-27 14:37:21,2023-07-27 17:03:16.922729,0 days 02:25:55.922729,2.4,145.93204548333333
Jason Rogers,Jason_Rogers@example.com,Alabama,2024-08-28 08:10:12,2024-08-28 11:28:56.733236,0 days 03:18:44.733236,3.3,198.74555393333333
Christina Miller,Christina_Miller@example.com,Alabama,2022-11-23 10:08:57,2022-11-23 11:57:20.645778,0 days 01:48:23.645778,1.8,108.3940963
Emily Estrada,Emily_Estrada@example.com,Alabama,2024-06-17 00:50:06,2024-06-17 02:53:47.982039,0 days 02:03:41.982039,2.1,123.69970065000001
Benjamin Fritz,Benjamin_Fritz@example.com,Alabama,2024-06-15 16:59:51,2024-06-15 18:26:30.346195,0 days 01:26:39.346195,1.4,86.65576991666667
Matthew Ellison,Matthew_Ellison@example.com,Alabama,2024-03-10 11:36:47,2024-03-10 13:31:00.784778,0 days 01:54:13.784778,1.9,114.2297463
Kristopher Price,Kristopher_Price@example.com,Alabama,2023-04-01 01:08:17,2023-04-01 04:38:10.024225,0 days 03:29:53.024225,3.5,209.88373708333333
Kristin Gregory,Kristin_Gregory@example.com,Alabama,2023-05-18 11:14:58,2023-05-18 14:20:14.890808,0 days 03:05:16.890808,3.1,185.28151346666667
Brittany Cole,Brittany_Cole@example.com,Alabama,2024-10-30 11:46:21,2024-10-30 14:04:19.122175,0 days 02:17:58.122175,2.3,137.96870291666667
Angela Davis,Angela_Davis@example.com,Alabama,2024-11-23 16:47:18,2024-11-23 17:50:46.382008,0 days 01:03:28.382008,1.1,63.47303346666667
Kevin Mccormick,Kevin_Mccormick@example.com,Alabama,2022-08-11 11:07:42,2022-08-11 12:47:07.558287,0 days 01:39:25.558287,1.7,99.42597144999999
Tanya Kelly,Tanya_Kelly@example.com,Alabama,2023-11-18 01:35:57,2023-11-18 03:47:11.587130,0 days 02:11:14.587130,2.2,131.24311883333334
Lisa Brown,Lisa_Brown@example.com,Alabama,2024-11-30 22:53:03,2024-12-01 00:25:44.803707,0 days 01:32:41.803707,1.5,92.69672845
Amanda Best,Amanda_Best@example.com,Alabama,2023-11-05 18:57:20,2023-11-05 20:05:31.740314,0 days 01:08:11.740314,1.1,68.19567190000001
Seth Smith,Seth_Smith@example.com,Alabama,2024-06-21 17:54:50,2024-06-21 20:55:59.386920,0 days 03:01:09.386920,3.0,181.15644866666668
Sara Evans,Sara_Evans@example.com,Alabama,2024-12-17 22:42:26,2024-12-17 23:50:47.461457,0 days 01:08:21.461457,1.1,68.35769095
Daniel Harrison,Daniel_Harrison@example.com,Alabama,2024-12-24 18:16:33,2024-12-24 22:03:26.569138,0 days 03:46:53.569138,3.8,226.89281896666668
Karen Hill,Karen_Hill@example.com,Alabama,2023-04-06 05:59:48,2023-04-06 08:50:50.577469,0 days 02:51:02.577469,2.9,171.04295781666667
Jacob Brennan,Jacob_Brennan@example.com,Alabama,2024-04-08 06:22:17,2024-04-08 08:35:12.178158,0 days 02:12:55.178158,2.2,132.91963596666668
James Berry,James_Berry@example.com,Alabama,2024-06-28 20:43:30,2024-06-28 21:17:18.445506,0 days 00:33:48.445506,0.6,33.8074251
Patricia Oliver,Patricia_Oliver@example.com,Alabama,2023-04-12 19:46:15,2023-04-12 22:25:21.600743,0 days 02:39:06.600743,2.7,159.11001238333336
Nancy Jackson,Nancy_Jackson@example.com,Alabama,2024-10-13 16:32:05,2024-10-13 17:37:23.052295,0 days 01:05:18.052295,1.1,65.30087158333333
Brittney Morales,Brittney_Morales@example.com,Alabama,2022-07-16 14:41:58,2022-07-16 15:43:58.514718,0 days 01:02:00.514718,1.0,62.00857863333333
Brett Murray,Brett_Murray@example.com,Alabama,2024-07-16 06:54:58,2024-07-16 10:38:34.824741,0 days 03:43:36.824741,3.7,223.61374568333335
Michelle Munoz,Michelle_Munoz@example.com,Alabama,2024-02-19 23:34:32,2024-02-20 02:13:59.754727,0 days 02:39:27.754727,2.7,159.46257878333333
Rhonda Lambert,Rhonda_Lambert@example.com,Alabama,2024-11-29 12:50:40,2024-11-29 13:57:14.247275,0 days 01:06:34.247275,1.1,66.57078791666667
Elizabeth Johnson,Elizabeth_Johnson@example.com,Alabama,2024-01-01 01:01:42,2024-01-01 03:19:45.912779,0 days 02:18:03.912779,2.3,138.06521298333334
Ashlee Lee,Ashlee_Lee@example.com,Alabama,2024-10-18 10:02:04,2024-10-18 10:45:47.756745,0 days 00:43:43.756745,0.7,43.72927908333334
Zachary Howard,Zachary_Howard@example.com,Alabama,2024-12-06 09:18:40,2024-12-06 12:20:18.622156,0 days 03:01:38.622156,3.0,181.64370259999998
Heather Mendoza,Heather_Mendoza@example.com,Alabama,2024-08-22 17:32:46,2024-08-22 18:47:17.358888,0 days 01:14:31.358888,1.2,74.52264813333333
Kim Mcmahon,Kim_Mcmahon@example.com,Alabama,2023-02-13 19:10:12,2023-02-13 20:12:12.520223,0 days 01:02:00.520223,1.0,62.00867038333333
Kathleen Andrews,Kathleen_Andrews@example.com,Alabama,2023-08-19 05:27:13,2023-08-19 08:43:15.592804,0 days 03:16:02.592804,3.3,196.04321339999998
Richard Lambert,Richard_Lambert@example.com,Alabama,2024-11-27 12:40:10,2024-11-27 15:31:27.637612,0 days 02:51:17.637612,2.9,171.29396020000001
Travis Gomez,Travis_Gomez@example.com,Alabama,2022-10-19 08:43:43,2022-10-19 11:52:14.295707,0 days 03:08:31.295707,3.1,188.52159511666665
Sean Bennett,Sean_Bennett@example.com,Alabama,2024-02-29 07:24:12,2024-02-29 11:06:54.932626,0 days 03:42:42.932626,3.7,222.71554376666666
Megan Garcia,Megan_Garcia@example.com,Alabama,2024-03-24 17:20:52,2024-03-24 18:50:40.366055,0 days 01:29:48.366055,1.5,89.80610091666668
Frank Kennedy,Frank_Kennedy@example.com,Alabama,2023-06-20 16:04:17,2023-06-20 17:16:54.806259,0 days 01:12:37.806259,1.2,72.63010431666666
Christopher Parker,Christopher_Parker@example.com,Alabama,2023-08-05 13:16:26,2023-08-05 14:39:38.592171,0 days 01:23:12.592171,1.4,83.20986951666667
Samantha Rowland,Samantha_Rowland@example.com,Alabama,2024-05-14 23:15:33,2024-05-15 02:04:19.776200,0 days 02:48:46.776200,2.8,168.77960333333334
Richard Maldonado,Richard_Maldonado@example.com,Alabama,2024-01-20 20:28:11,2024-01-20 23:37:57.839553,0 days 03:09:46.839553,3.2,189.78065921666666
Jeffrey Carpenter,Jeffrey_Carpenter@example.com,Alabama,2024-05-18 03:38:31,2024-05-18 06:29:54.564027,0 days 02:51:23.564027,2.9,171.39273378333334
